
{
    "region" : "us-east-1",
    "configuration" : "Debug",
    "framework"     : "net5.0",
    "self-contained" : false,
    "application"    : "TestWithDatabase",
    "environment"    : "Testwithdatabase-env",
    "enable-xray"    : false,
    "enhanced-health-type" : "enhanced",
    "additional-options"   : "",
    "solution-stack"       : "64bit Amazon Linux 2 v2.2.5 running .NET Core",
    "environment-type"     : "SingleInstance",
    "cname"                : "themoonshinecafe-dev1",
    "instance-type"        : "t2.micro",
    "key-pair"             : "Moonshine",
    "instance-profile"     : "aws-elasticbeanstalk-ec2-role",
    "service-role"         : "aws-elasticbeanstalk-service-role",
    "proxy-server"         : "nginx"
}